,Property_score,Value_centroid,Value_low,Value_high
1,1,0,0,40
2,100.8333333,15,0,46
3,200.6666667,26,0,59
4,300.5,38,12,70
5,400.3333333,46,16,77
6,500.1666667,57,22,83
7,600,64,32,88
