,Property_score,Value_centroid,Value_low,Value_high
1,1,0,0,27
2,100.8333333,16,0,36
3,200.6666667,25,0,51
4,300.5,29,0,59
5,400.3333333,33,0,66
6,500.1666667,36,0,70
7,600,39,4,74
