,Property_score,Value_centroid,Value_low,Value_high
1,1,0,0,40
2,100.8333333,12,0,46
3,200.6666667,18,0,59
4,300.5,24,7,70
5,400.3333333,31,8,77
6,500.1666667,43,17,83
7,600,58,26,88
