,Property_score,Value_centroid,Value_low,Value_high
1,1,0,0,27
2,100.8333333,4,0,36
3,200.6666667,8,0,37
4,300.5,10,0,40
5,400.3333333,14,0,44
6,500.1666667,17,0,47
7,600,18,0,48
