,Property_score,Value_centroid,Value_low,Value_high
1,1,0,0,27
2,4.833333333,4,0,36
3,8.666666667,8,0,37
4,12.5,10,0,40
5,16.33333333,14,0,44
6,20.16666667,17,0,47
7,24,18,0,48
