,Property_score,Value_centroid,Value_low,Value_high
1,1,0,0,32
2,4.833333333,15,0,40
3,8.666666667,26,0,45
4,12.5,30,12,53
5,16.33333333,37,16,58
6,20.16666667,41,22,63
7,24,46,25,68
