,Property_score,Value_centroid,Value_low,Value_high
1,1,0,0,27
2,4.833333333,16,0,36
3,8.666666667,25,0,51
4,12.5,29,0,59
5,16.33333333,33,0,66
6,20.16666667,36,0,70
7,24,39,4,74
