,Property_score,Value_centroid,Value_low,Value_high
1,1,0,0,40
2,4.833333333,15,0,46
3,8.666666667,32,0,59
4,12.5,46,12,73
5,16.33333333,59,16,83
6,20.16666667,72,33,91
7,24,81,46,95
