,Property_score,Value_centroid,Value_low,Value_high
1,1,0,0,40
2,4.833333333,15,0,46
3,8.666666667,26,0,59
4,12.5,38,12,70
5,16.33333333,46,16,77
6,20.16666667,57,22,83
7,24,64,32,88
