,Property_score,Value_centroid,Value_low,Value_high
1,1,0,0,27
2,59.16666667,4,0,36
3,117.3333333,8,0,43
4,175.5,10,0,48
5,233.6666667,51,12,82
6,291.8333333,72,28,100
7,350,83,47,100
