,Property_score,Value_centroid,Value_low,Value_high
1,1,0,0,40
2,59.16666667,15,0,46
3,117.3333333,26,0,59
4,175.5,38,12,70
5,233.6666667,46,16,77
6,291.8333333,57,22,83
7,350,68,32,88
