,Property_score,Value_centroid,Value_low,Value_high
1,1,0,0,27
2,59.16666667,4,0,36
3,117.3333333,8,0,37
4,175.5,10,0,40
5,233.6666667,14,0,44
6,291.8333333,17,0,47
7,350,18,0,48
