,Property_score,Value_centroid,Value_low,Value_high
1,1,0,0,27
2,14.16666667,16,0,36
3,27.33333333,25,0,51
4,40.5,29,0,59
5,53.66666667,33,0,66
6,66.83333333,36,0,70
7,80,39,4,74
