,Property_score,Value_centroid,Value_low,Value_high
1,1,0,0,40
2,14.16666667,15,0,46
3,27.33333333,26,0,59
4,40.5,38,12,70
5,53.66666667,46,16,77
6,66.83333333,57,22,83
7,80,64,32,88
