,Property_score,Value_centroid,Value_low,Value_high
1,1,0,0,32
2,14.16666667,15,0,40
3,27.33333333,26,0,45
4,40.5,30,12,53
5,53.66666667,37,16,58
6,66.83333333,41,22,63
7,80,46,25,68
