,Property_score,Value_centroid,Value_low,Value_high
1,1,0,0,43
2,8.833333333,4,0,53
3,16.66666667,23,0,68
4,24.5,41,10,81
5,32.33333333,60,30,89
6,40.16666667,70,45,100
7,48,84,55,100
