,Property_score,Value_centroid,Value_low,Value_high
1,1,0,0,27
2,8.833333333,4,0,36
3,16.66666667,8,0,37
4,24.5,10,0,40
5,32.33333333,14,0,44
6,40.16666667,17,0,47
7,48,18,0,48
