,Property_score,Value_centroid,Value_low,Value_high
1,1,0,0,40
2,8.833333333,15,0,46
3,16.66666667,26,0,59
4,24.5,38,12,70
5,32.33333333,46,16,77
6,40.16666667,57,22,83
7,48,64,32,88
