,Property_score,Value_centroid,Value_low,Value_high
1,1,0,0,12
2,8.833333333,4,0,18
3,16.66666667,8,0,21
4,24.5,10,0,22
5,32.33333333,11,0,23
6,40.16666667,11,0,22
7,48,11,0,23
