,Property_score,Value_centroid,Value_low,Value_high
1,1,0,0,27
2,4.166666667,4,0,36
3,7.333333333,8,0,37
4,10.5,10,0,40
5,13.66666667,14,0,44
6,16.83333333,17,0,47
7,20,18,0,48
