,Property_score,Value_centroid,Value_low,Value_high
1,1,0,0,40
2,4.166666667,15,0,46
3,7.333333333,26,0,59
4,10.5,38,12,70
5,13.66666667,46,16,77
6,16.83333333,57,22,83
7,20,64,32,88
