,Property_score,Value_centroid,Value_low,Value_high
1,1,0,0,27
2,4.166666667,16,0,36
3,7.333333333,25,0,51
4,10.5,29,0,59
5,13.66666667,33,0,66
6,16.83333333,36,0,70
7,20,39,4,74
