,Property_score,Value_centroid,Value_low,Value_high
1,1,0,0,27
2,4.166666667,16,0,36
3,7.333333333,25,0,51
4,10.5,29,0,52
5,13.66666667,29,0,56
6,16.83333333,33,0,61
7,20,36,4,63
