,Property_score,Value_centroid,Value_low,Value_high
1,1,0,0,27
2,20.83333333,4,0,36
3,40.66666667,8,0,37
4,60.5,10,0,40
5,80.33333333,14,0,44
6,100.1666667,17,0,47
7,120,18,0,48
