,Property_score,Value_centroid,Value_low,Value_high
1,1,0,0,32
2,20.83333333,15,0,40
3,40.66666667,26,0,45
4,60.5,30,12,53
5,80.33333333,37,16,58
6,100.1666667,41,22,63
7,120,46,25,68
