,Property_score,Value_centroid,Value_low,Value_high
1,1,0,0,40
2,20.83333333,15,0,46
3,40.66666667,26,0,59
4,60.5,38,12,70
5,80.33333333,46,16,77
6,100.1666667,57,22,83
7,120,64,32,88
