,Property_score,Value_centroid,Value_low,Value_high
1,1,0,0,27
2,8334.166667,4,0,36
3,16667.33333,8,0,43
4,25000.5,10,0,48
5,33333.66667,53,12,82
6,41666.83333,94,49,100
7,50000,37,6,62
