,Property_score,Value_centroid,Value_low,Value_high
1,1,0,0,27
2,8334.166667,16,0,36
3,16667.33333,25,0,51
4,25000.5,29,0,59
5,33333.66667,33,0,66
6,41666.83333,36,0,70
7,50000,39,4,74
