,Property_score,Value_centroid,Value_low,Value_high
1,1,0,0,40
2,8334.166667,15,0,46
3,16667.33333,26,0,59
4,25000.5,38,12,70
5,33333.66667,46,16,77
6,41666.83333,57,22,83
7,50000,64,32,88
