,Property_score,Value_centroid,Value_low,Value_high
1,1,0,0,27
2,8334.166667,4,0,36
3,16667.33333,8,0,37
4,25000.5,10,0,40
5,33333.66667,14,0,44
6,41666.83333,17,0,47
7,50000,18,0,48
